incident_id,title,incident_type,severity,status,reported_at,detected_channel,business_unit,affected_area,affected_clients,impact_summary,estimated_users_affected,revenue_risk_usd,sla_risk,requires_approval,primary_owner,linked_policy_section
CASE-1001,Payment Platform Outage,Service Outage,Critical,Open,2026-06-11T08:00:00,Monitoring,Digital Payments,DISTRICT-01,CLIENT-X,Checkout and invoice payment flows intermittently unavailable for priority clients.,5200,125000,Yes,Yes,TEAM-A,P-1 Classification
CASE-1002,Regional Logistics Delay,Supply Chain Disruption,High,Open,2026-06-11T08:37:00,Email,Supply Operations,DISTRICT-02,CLIENT-Y,Inbound components delayed and production schedule at risk.,900,74000,Yes,Yes,TEAM-B,P-2 Escalation
CASE-1003,Complaint Surge After Billing Update,Customer Complaint Surge,High,In Progress,2026-06-11T09:14:00,Service Desk,Customer Care,DISTRICT-03,CLIENT-Z,Service desk volumes increased after a synthetic billing configuration release.,2400,42000,Yes,Yes,TEAM-C,P-3 Communications
CASE-1004,Policy Exception Review,Compliance Incident,Medium,Under Review,2026-06-11T09:51:00,Audit Review,Compliance Office,DISTRICT-04,CLIENT-A,Possible deviation from approved retention handling requires review.,120,18000,No,Yes,TEAM-D,P-4 Compliance
CASE-1005,Suspicious Login Spike,Cybersecurity Alert,Critical,Open,2026-06-11T10:28:00,SIEM,Security Operations,DISTRICT-05,CLIENT-B,Abnormal sign-in pattern detected for synthetic service accounts.,1800,95000,Yes,Yes,TEAM-E,P-5 Human Approval
CASE-1006,ERP Migration Delay,Project Delay,Medium,In Progress,2026-06-11T11:05:00,Project Board,PMO,DISTRICT-01,CLIENT-X,Milestone slippage identified for enterprise resource planning rollout.,350,38000,No,No,TEAM-F,P-1 Classification
CASE-1007,Field Support Capacity Shortage,Resource Shortage,High,Open,2026-06-11T11:42:00,Workforce Planner,Field Services,DISTRICT-02,CLIENT-Y,Available field engineers below minimum response threshold.,700,56000,Yes,Yes,TEAM-A,P-2 Escalation
CASE-1008,Managed Service Vendor SLA Breach,Vendor Failure,High,Escalated,2026-06-11T12:19:00,Vendor Portal,Vendor Management,DISTRICT-03,CLIENT-Z,External managed service failed agreed recovery window.,1100,87000,Yes,Yes,TEAM-B,P-3 Communications
CASE-1009,Minor Portal Latency,Service Outage,Low,Monitoring,2026-06-11T12:56:00,Monitoring,Digital Payments,DISTRICT-04,CLIENT-A,User portal response times briefly exceeded target.,250,5000,No,No,TEAM-C,P-4 Compliance
CASE-1010,Warehouse Inventory Mismatch,Supply Chain Disruption,Medium,Under Review,2026-06-11T13:33:00,Email,Supply Operations,DISTRICT-05,CLIENT-B,Synthetic warehouse records diverged from shipment ledger.,430,12000,No,No,TEAM-D,P-5 Human Approval
CASE-1011,Authentication Gateway Outage,Customer Complaint Surge,Critical,Open,2026-06-11T14:10:00,Service Desk,Customer Care,DISTRICT-01,CLIENT-X,Authentication gateway outage affecting internal users and clients.,6200,150000,Yes,Yes,TEAM-E,P-1 Classification
CASE-1012,Critical Supplier Missed Shipment,Compliance Incident,High,Escalated,2026-06-11T14:47:00,Audit Review,Compliance Office,DISTRICT-02,CLIENT-Y,Supplier missed a committed shipment for priority spare parts.,850,69000,Yes,Yes,TEAM-F,P-2 Escalation
CASE-1013,Data Retention Rule Alert,Cybersecurity Alert,Medium,Under Review,2026-06-11T15:24:00,SIEM,Security Operations,DISTRICT-03,CLIENT-Z,Retention rule warning triggered by synthetic archival queue.,90,15000,No,Yes,TEAM-A,P-3 Communications
CASE-1014,Low Impact Ticket Backlog,Project Delay,Low,Monitoring,2026-06-11T16:01:00,Project Board,PMO,DISTRICT-04,CLIENT-A,Non-critical support queue above normal daily average.,210,3000,No,No,TEAM-B,P-4 Compliance
CASE-1015,Fleet Fuel Allocation Shortage,Resource Shortage,High,Open,2026-06-11T16:38:00,Workforce Planner,Field Services,DISTRICT-05,CLIENT-B,Fuel allocation below required level for emergency field teams.,780,52000,Yes,Yes,TEAM-C,P-5 Human Approval
CASE-1016,API Security Alert,Vendor Failure,Critical,Open,2026-06-11T17:15:00,Vendor Portal,Vendor Management,DISTRICT-01,CLIENT-X,API traffic pattern suggests credential stuffing simulation.,3000,110000,Yes,Yes,TEAM-D,P-1 Classification
CASE-1017,Training Platform Degradation,Service Outage,Medium,In Progress,2026-06-11T17:52:00,Monitoring,Digital Payments,DISTRICT-02,CLIENT-Y,Training service degraded during planned learning window.,600,9000,No,No,TEAM-E,P-2 Escalation
CASE-1018,Cloud Backup Vendor Failure,Supply Chain Disruption,High,Escalated,2026-06-11T18:29:00,Email,Supply Operations,DISTRICT-03,CLIENT-Z,Backup validation report missing from external vendor.,500,41000,Yes,Yes,TEAM-F,P-3 Communications
CASE-1019,Local Printer Support Spike,Customer Complaint Surge,Low,Closed,2026-06-11T19:06:00,Service Desk,Customer Care,DISTRICT-04,CLIENT-A,Localized device support requests increased in one office zone.,75,1500,No,No,TEAM-A,P-4 Compliance
CASE-1020,Permit Documentation Delay,Compliance Incident,Medium,In Progress,2026-06-11T19:43:00,Audit Review,Compliance Office,DISTRICT-05,CLIENT-B,Permit document dependencies may delay district rollout.,160,7000,No,No,TEAM-B,P-5 Human Approval
